,logFC,avg_MG,avg_astro
0,-1.66542858426079,1.099429,0.8002160833333334
1,-1.62324776478354,1.099429,0.8002160833333334
2,-1.5397299263255,1.099429,0.8002160833333334
3,-1.25805757292153,1.099429,0.8002160833333334
4,-1.14015012047931,1.099429,0.8002160833333334
5,-1.1835692462903,1.099429,0.8002160833333334
6,-1.05602741769246,1.099429,0.8002160833333334
7,-1.20950672796289,1.099429,0.8002160833333334
8,-1.08714517746492,1.099429,0.8002160833333334
9,-0.949983870701828,1.099429,0.8002160833333334
10,-0.699520336342201,1.099429,0.8002160833333334
11,-1.50675092361011,0.10000000000000002,1.3796443333333333
12,-1.16388209626349,0.10000000000000002,1.3796443333333333
13,-0.623703137555862,0.10000000000000002,1.3796443333333333
14,0.495047719342319,0.10000000000000002,1.3796443333333333
15,-1.45940527234707,4.124736666666666,2.782675
16,-1.27007853878922,4.124736666666666,2.782675
17,-1.03466056722203,4.124736666666666,2.782675
18,-0.493150379440758,4.124736666666666,2.782675
19,-1.4367376938247,1.6625733333333332,2.3675891666666664
20,-1.4367376938247,2.1862809999999997,1.8412366666666669
21,-1.4367376938247,2.020319333333333,3.3011516666666663
22,-1.24342486035833,1.6625733333333332,2.3675891666666664
23,-1.24342486035833,2.1862809999999997,1.8412366666666669
24,-1.24342486035833,2.020319333333333,3.3011516666666663
25,-1.24939974594525,1.6625733333333332,2.3675891666666664
26,-1.24939974594525,2.1862809999999997,1.8412366666666669
27,-1.24939974594525,2.020319333333333,3.3011516666666663
28,-1.22064147597041,1.6625733333333332,2.3675891666666664
29,-1.22064147597041,2.1862809999999997,1.8412366666666669
30,-1.22064147597041,2.020319333333333,3.3011516666666663
31,-0.970373788840558,1.6625733333333332,2.3675891666666664
32,-0.970373788840558,2.1862809999999997,1.8412366666666669
33,-0.970373788840558,2.020319333333333,3.3011516666666663
34,-0.919633575181417,1.6625733333333332,2.3675891666666664
35,-0.919633575181417,2.1862809999999997,1.8412366666666669
36,-0.919633575181417,2.020319333333333,3.3011516666666663
37,-0.765757271205563,1.6625733333333332,2.3675891666666664
38,-0.765757271205563,2.1862809999999997,1.8412366666666669
39,-0.765757271205563,2.020319333333333,3.3011516666666663
40,-0.563491104619531,1.6625733333333332,2.3675891666666664
41,-0.563491104619531,2.1862809999999997,1.8412366666666669
42,-0.563491104619531,2.020319333333333,3.3011516666666663
43,-0.541383115976197,1.6625733333333332,2.3675891666666664
44,-0.541383115976197,2.1862809999999997,1.8412366666666669
45,-0.541383115976197,2.020319333333333,3.3011516666666663
46,-0.487190925141983,1.6625733333333332,2.3675891666666664
47,-0.487190925141983,2.1862809999999997,1.8412366666666669
48,-0.487190925141983,2.020319333333333,3.3011516666666663
49,-1.273325408809,2.844151333333333,2.534818333333333
50,-1.28817969368289,2.844151333333333,2.534818333333333
51,-1.17393790500331,2.844151333333333,2.534818333333333
52,-1.04274711490202,2.844151333333333,2.534818333333333
53,-0.965386697611086,2.844151333333333,2.534818333333333
54,-0.805055239773303,2.844151333333333,2.534818333333333
55,-0.651525536652842,2.844151333333333,2.534818333333333
56,-0.389880658837608,2.844151333333333,2.534818333333333
57,-0.408043100917499,2.844151333333333,2.534818333333333
58,-0.382292374927957,2.844151333333333,2.534818333333333
59,1.15542859572636,30.266099999999998,6.0783625
60,0.834904398731428,30.266099999999998,6.0783625
61,0.857062787260829,30.266099999999998,6.0783625
62,-1.26353923568049,34.15253333333333,3.673145833333333
63,-1.26353923568049,2.39654,2.1549875000000003
64,-1.26353923568049,1.7862433333333332,3.7481449999999996
65,-1.21841172654551,34.15253333333333,3.673145833333333
66,-1.21841172654551,2.39654,2.1549875000000003
67,-1.21841172654551,1.7862433333333332,3.7481449999999996
68,-1.14150091672848,34.15253333333333,3.673145833333333
69,-1.14150091672848,2.39654,2.1549875000000003
70,-1.14150091672848,1.7862433333333332,3.7481449999999996
71,-0.924972431495544,34.15253333333333,3.673145833333333
72,-0.924972431495544,2.39654,2.1549875000000003
73,-0.924972431495544,1.7862433333333332,3.7481449999999996
74,-0.693155508261439,34.15253333333333,3.673145833333333
75,-0.693155508261439,2.39654,2.1549875000000003
76,-0.693155508261439,1.7862433333333332,3.7481449999999996
77,-0.701563046981744,34.15253333333333,3.673145833333333
78,-0.701563046981744,2.39654,2.1549875000000003
79,-0.701563046981744,1.7862433333333332,3.7481449999999996
80,-0.689628378519445,34.15253333333333,3.673145833333333
81,-0.689628378519445,2.39654,2.1549875000000003
82,-0.689628378519445,1.7862433333333332,3.7481449999999996
83,-0.524667312640003,34.15253333333333,3.673145833333333
84,-0.524667312640003,2.39654,2.1549875000000003
85,-0.524667312640003,1.7862433333333332,3.7481449999999996
86,-1.23186684207173,3.1911633333333334,0.57910675
87,0.734773222372107,3.1911633333333334,0.57910675
88,-0.70000319848055,3.1911633333333334,0.57910675
89,-0.709005884547923,3.1911633333333334,0.57910675
90,1.04698312458558,0.5594523333333333,1.1932640833333332
91,-0.779745270957521,0.5594523333333333,1.1932640833333332
92,0.40360804930898,0.5594523333333333,1.1932640833333332
93,-1.25079518211327,11.39258,7.696082499999999
94,-1.19171175542595,11.39258,7.696082499999999
95,-1.09868352421865,11.39258,7.696082499999999
96,-1.01172667689692,11.39258,7.696082499999999
97,-0.953144897999854,11.39258,7.696082499999999
98,-0.914871324946922,11.39258,7.696082499999999
99,-0.864794151291405,11.39258,7.696082499999999
100,-0.720037789159026,11.39258,7.696082499999999
101,-0.792906636964517,11.39258,7.696082499999999
102,-0.480887118156106,11.39258,7.696082499999999
103,0.961515190595924,0.12109366666666667,2.9187324166666673
104,-1.12304627138634,0.12109366666666667,2.9187324166666673
105,-0.973145280579441,0.12109366666666667,2.9187324166666673
106,-0.941997734740067,0.12109366666666667,2.9187324166666673
107,-0.850797250668819,0.12109366666666667,2.9187324166666673
108,0.345208439994837,0.12109366666666667,2.9187324166666673
109,-0.998704123561428,0.10000000000000002,2.411640083333333
110,-1.00691423424364,0.10000000000000002,2.411640083333333
111,-1.01613843233831,0.10000000000000002,2.411640083333333
112,-0.952553487731676,0.10000000000000002,2.411640083333333
113,-0.596692832476724,0.10000000000000002,2.411640083333333
114,-0.43117369003377,0.10000000000000002,2.411640083333333
115,-0.371607316594028,0.10000000000000002,2.411640083333333
116,0.917863160795007,4.272763333333333,1.8781466666666666
117,-0.416653921507855,4.272763333333333,1.8781466666666666
118,-1.09968649360095,2.622040333333333,0.09999999999999999
119,-1.09968649360095,2.575483333333333,0.13831850000000004
120,-0.811757763736121,2.622040333333333,0.09999999999999999
121,-0.811757763736121,2.575483333333333,0.13831850000000004
122,-0.680916716550092,2.622040333333333,0.09999999999999999
123,-0.680916716550092,2.575483333333333,0.13831850000000004
124,0.448022898756268,2.622040333333333,0.09999999999999999
125,0.448022898756268,2.575483333333333,0.13831850000000004
126,0.915230158682885,45.230799999999995,26.6863425
127,0.915230158682885,0.48032633333333336,2.4322191666666666
128,-0.659335312452572,45.230799999999995,26.6863425
129,-0.659335312452572,0.48032633333333336,2.4322191666666666
130,0.490566623575682,45.230799999999995,26.6863425
131,0.490566623575682,0.48032633333333336,2.4322191666666666
132,-0.496385553236208,45.230799999999995,26.6863425
133,-0.496385553236208,0.48032633333333336,2.4322191666666666
134,-0.382923032861447,45.230799999999995,26.6863425
135,-0.382923032861447,0.48032633333333336,2.4322191666666666
136,-1.06819520115733,19.591963333333332,23.823103333333332
137,-1.06819520115733,1.7111966666666667,3.2011000000000003
138,-0.864070343212007,19.591963333333332,23.823103333333332
139,-0.864070343212007,1.7111966666666667,3.2011000000000003
140,-0.763909302409285,19.591963333333332,23.823103333333332
141,-0.763909302409285,1.7111966666666667,3.2011000000000003
142,-0.704861733861636,19.591963333333332,23.823103333333332
143,-0.704861733861636,1.7111966666666667,3.2011000000000003
144,-0.625707318758449,19.591963333333332,23.823103333333332
145,-0.625707318758449,1.7111966666666667,3.2011000000000003
146,-0.628966581512656,19.591963333333332,23.823103333333332
147,-0.628966581512656,1.7111966666666667,3.2011000000000003
148,0.88117715053026,0.8451406666666665,1.4436345833333333
149,-1.12653813420065,1.1767320000000001,0.7068672500000001
150,-0.858872583767046,1.1767320000000001,0.7068672500000001
151,-0.538145758396708,1.1767320000000001,0.7068672500000001
152,-0.990235570390486,0.7680633333333334,2.718721833333333
153,-0.990235570390486,0.86022,2.2082041666666665
154,-0.648430916663135,0.7680633333333334,2.718721833333333
155,-0.648430916663135,0.86022,2.2082041666666665
156,-0.644249666631128,0.7680633333333334,2.718721833333333
157,-0.644249666631128,0.86022,2.2082041666666665
158,-0.452980726605104,0.7680633333333334,2.718721833333333
159,-0.452980726605104,0.86022,2.2082041666666665
160,0.89517317565178,1.1446933333333333,0.09999999999999999
161,0.659599223169037,1.1446933333333333,0.09999999999999999
162,-0.389810741192109,1.1446933333333333,0.09999999999999999
163,-1.02179805811145,2.23082,4.8270808333333335
164,-0.882593228401797,2.23082,4.8270808333333335
165,-0.739140469272281,2.23082,4.8270808333333335
166,-0.530371175686316,2.23082,4.8270808333333335
167,-0.532701918656256,2.23082,4.8270808333333335
168,-0.487885221702054,2.23082,4.8270808333333335
169,-0.473598718086503,2.23082,4.8270808333333335
170,-1.00907043927115,7.01743,16.248318333333334
171,-0.908960939901527,7.01743,16.248318333333334
172,-0.791583975224592,7.01743,16.248318333333334
173,-0.788577733081996,7.01743,16.248318333333334
174,-0.763530987433132,7.01743,16.248318333333334
175,-0.7236782399682,7.01743,16.248318333333334
176,-0.611632295750675,7.01743,16.248318333333334
177,-0.452006973754536,7.01743,16.248318333333334
178,-1.02923793651269,4.955953333333333,1.179608
179,-0.827823747950347,4.955953333333333,1.179608
180,-0.788180771179386,4.955953333333333,1.179608
181,0.446777445705345,4.955953333333333,1.179608
182,-0.458469644465892,4.955953333333333,1.179608
183,-0.932383264879426,0.29416333333333333,54.291491666666666
184,-0.935981765686877,13.3528,20.497491666666665
185,-0.622151521263227,13.3528,20.497491666666665
186,-0.924530668155226,0.23819333333333334,1.9173372499999999
187,-0.924530668155226,3.1604183333333338,0.09999999999999999
188,-0.781254443492754,0.23819333333333334,1.9173372499999999
189,-0.781254443492754,3.1604183333333338,0.09999999999999999
190,-0.742801125753778,0.23819333333333334,1.9173372499999999
191,-0.742801125753778,3.1604183333333338,0.09999999999999999
192,-0.635408202226849,0.23819333333333334,1.9173372499999999
193,-0.635408202226849,3.1604183333333338,0.09999999999999999
194,-0.536066054156621,0.23819333333333334,1.9173372499999999
195,-0.536066054156621,3.1604183333333338,0.09999999999999999
196,-0.525982748559848,0.23819333333333334,1.9173372499999999
197,-0.525982748559848,3.1604183333333338,0.09999999999999999
198,-0.453121311829117,0.23819333333333334,1.9173372499999999
199,-0.453121311829117,3.1604183333333338,0.09999999999999999
200,-0.360998863826056,0.23819333333333334,1.9173372499999999
201,-0.360998863826056,3.1604183333333338,0.09999999999999999
202,-1.02210552558584,0.11047,1.1064930833333335
203,0.770758614988185,0.3748996666666667,1.6382701666666666
204,0.47856898085843,0.3748996666666667,1.6382701666666666
205,0.380603222310712,0.3748996666666667,1.6382701666666666
206,-0.928512398740015,0.10000000000000002,1.1114554999999997
207,-0.8970153775029,0.10000000000000002,1.1114554999999997
208,-0.865047750783276,0.10000000000000002,1.1114554999999997
209,-0.843609628530066,0.10000000000000002,1.1114554999999997
210,-0.722648999822055,0.10000000000000002,1.1114554999999997
211,-0.72782256780396,0.10000000000000002,1.1114554999999997
212,-0.710181758600397,0.10000000000000002,1.1114554999999997
213,-0.658820441138341,0.10000000000000002,1.1114554999999997
214,-0.541874140951181,0.10000000000000002,1.1114554999999997
215,-0.602041735508932,0.10000000000000002,1.1114554999999997
216,-0.555548424445071,0.10000000000000002,1.1114554999999997
217,-0.923804523013967,6.162506666666668,0.10577183333333334
218,-0.837487076412797,6.162506666666668,0.10577183333333334
219,-0.865651133773037,6.162506666666668,0.10577183333333334
220,0.640023519763996,6.162506666666668,0.10577183333333334
221,0.515629076684216,6.162506666666668,0.10577183333333334
222,-0.553474494268712,6.162506666666668,0.10577183333333334
223,-0.570893082979253,6.162506666666668,0.10577183333333334
224,-0.467373996215827,6.162506666666668,0.10577183333333334
225,-0.991553112951146,0.301054,1.652844166666667
226,-0.425346760970755,0.301054,1.652844166666667
227,-0.878478621929356,2.990623333333333,3.2236875000000005
228,-0.866261577022053,2.990623333333333,3.2236875000000005
229,-0.597553506423323,2.990623333333333,3.2236875000000005
230,-0.529961697232352,2.990623333333333,3.2236875000000005
231,-0.478978749536472,2.990623333333333,3.2236875000000005
232,-0.429957861079979,2.990623333333333,3.2236875000000005
233,-0.876175762034364,21.226633333333336,24.590341666666664
234,-0.608650195633399,21.226633333333336,24.590341666666664
235,-0.624147985475535,21.226633333333336,24.590341666666664
236,-0.516708885422434,21.226633333333336,24.590341666666664
237,-0.538448906024624,21.226633333333336,24.590341666666664
238,-0.419595254792829,21.226633333333336,24.590341666666664
239,-0.392899317267831,21.226633333333336,24.590341666666664
240,-0.857811679220678,5.26985,12.6346725
241,-0.857811679220678,1.9161830000000002,3.2806499999999996
242,-0.849533102590454,5.26985,12.6346725
243,-0.849533102590454,1.9161830000000002,3.2806499999999996
244,-0.87573430274135,13.394673333333335,4.579735833333333
245,-0.87573430274135,0.14248833333333333,1.4332345000000002
246,-0.6940608767062,13.394673333333335,4.579735833333333
247,-0.6940608767062,0.14248833333333333,1.4332345000000002
248,-0.520622332793284,13.394673333333335,4.579735833333333
249,-0.520622332793284,0.14248833333333333,1.4332345000000002
250,-0.482909436734671,13.394673333333335,4.579735833333333
251,-0.482909436734671,0.14248833333333333,1.4332345000000002
252,-0.878873277493497,3.933756666666666,2.024
253,-0.882778321368773,3.933756666666666,2.024
254,-0.731889291202107,3.933756666666666,2.024
255,0.555115674017507,3.933756666666666,2.024
256,-0.581640415704464,3.933756666666666,2.024
257,-0.440624539156573,3.933756666666666,2.024
258,-0.897363327762862,0.4257973333333333,6.282755833333334
259,-0.897363327762862,1.7887953333333335,6.808595833333334
260,-0.685635815747762,0.4257973333333333,6.282755833333334
261,-0.685635815747762,1.7887953333333335,6.808595833333334
262,0.431671622316827,0.4257973333333333,6.282755833333334
263,0.431671622316827,1.7887953333333335,6.808595833333334
264,-0.559823084775756,0.4257973333333333,6.282755833333334
265,-0.559823084775756,1.7887953333333335,6.808595833333334
266,-0.377219162500666,0.4257973333333333,6.282755833333334
267,-0.377219162500666,1.7887953333333335,6.808595833333334
268,-0.736333137146195,0.15219766666666668,16.890856666666668
269,-0.622716075793343,0.15219766666666668,16.890856666666668
270,0.486311996847172,0.15219766666666668,16.890856666666668
271,-0.456156352808644,0.15219766666666668,16.890856666666668
272,0.83486444461055,12.53411,4.7301975
273,0.614842106149086,12.53411,4.7301975
274,0.383032951898417,12.53411,4.7301975
275,-0.401385487909139,12.53411,4.7301975
276,0.729871081581649,14.385400000000002,7.923470833333334
277,-0.680702888422466,14.385400000000002,7.923470833333334
278,0.527923716905137,14.385400000000002,7.923470833333334
279,-0.418239666650606,14.385400000000002,7.923470833333334
280,0.726359186450532,0.9088796666666666,1.4057975
281,0.508761061598237,0.9088796666666666,1.4057975
282,-0.833912197662242,0.10000000000000002,6.187570333333331
283,-0.893431657153574,0.17154000000000003,6.587787500000001
284,-0.690069297664244,0.17154000000000003,6.587787500000001
285,-0.624916019044416,0.17154000000000003,6.587787500000001
286,-0.47881205953403,0.17154000000000003,6.587787500000001
287,-0.819570535737788,0.4171293333333333,2.1316975
288,-0.900451533343891,0.10000000000000002,2.2379125
289,-0.894984753172029,0.10000000000000002,2.2379125
290,-0.79564439208401,0.10000000000000002,2.2379125
291,-0.598603029239566,0.10000000000000002,2.2379125
292,-0.583707292875504,0.10000000000000002,2.2379125
293,-0.655548439216636,0.10000000000000002,2.2379125
294,-0.629362201607208,0.10000000000000002,2.2379125
295,-0.460799306128026,0.10000000000000002,2.2379125
296,-0.795612431111927,1.206942,3.904588333333333
297,-0.601783173058888,1.206942,3.904588333333333
298,-0.531360728838341,1.206942,3.904588333333333
299,0.459233371748432,1.206942,3.904588333333333
300,-0.784615709117572,0.12065333333333332,1.3747319999999998
301,-0.784615709117572,0.6268406666666667,1.2752235833333334
302,-0.546484058096636,0.12065333333333332,1.3747319999999998
303,-0.546484058096636,0.6268406666666667,1.2752235833333334
304,-0.587680916790262,0.12065333333333332,1.3747319999999998
305,-0.587680916790262,0.6268406666666667,1.2752235833333334
306,-0.460997544032968,0.12065333333333332,1.3747319999999998
307,-0.460997544032968,0.6268406666666667,1.2752235833333334
308,-0.486703676529885,0.12065333333333332,1.3747319999999998
309,-0.486703676529885,0.6268406666666667,1.2752235833333334
310,-0.420789992624867,0.12065333333333332,1.3747319999999998
311,-0.420789992624867,0.6268406666666667,1.2752235833333334
312,0.750395874071625,2.8521699999999996,0.9908460833333335
313,0.54607828318572,2.8521699999999996,0.9908460833333335
314,-0.743201705670613,1.6496940000000002,0.11700800000000004
315,0.588791483987387,1.6496940000000002,0.11700800000000004
316,0.511026968472649,1.6496940000000002,0.11700800000000004
317,-0.575655578723553,1.6496940000000002,0.11700800000000004
318,0.49093697798162,1.6496940000000002,0.11700800000000004
319,-0.768245382002696,12.116833333333332,12.39047166666667
320,-0.768245382002696,0.153836,1.07184775
321,-0.486469248492806,12.116833333333332,12.39047166666667
322,-0.486469248492806,0.153836,1.07184775
323,-0.50297055237636,12.116833333333332,12.39047166666667
324,-0.50297055237636,0.153836,1.07184775
325,-0.376936034181264,12.116833333333332,12.39047166666667
326,-0.376936034181264,0.153836,1.07184775
327,0.747593403432614,4.315003333333333,4.782665833333334
328,0.633882092887239,4.315003333333333,4.782665833333334
329,0.550999428121021,4.315003333333333,4.782665833333334
330,-0.651725033882623,0.27297033333333337,3.8136075
331,-0.656411087921354,0.27297033333333337,3.8136075
332,-0.517633963371991,0.27297033333333337,3.8136075
333,0.494899991913765,0.27297033333333337,3.8136075
334,-0.466223159300131,0.27297033333333337,3.8136075
335,-0.443061214591588,0.27297033333333337,3.8136075
336,-0.756386872958965,0.7291803333333334,1.8171095
337,-0.679727100136606,0.7291803333333334,1.8171095
338,-0.61779386059732,0.7291803333333334,1.8171095
339,-0.633304760183391,0.7291803333333334,1.8171095
340,-0.590532377212056,0.7291803333333334,1.8171095
341,-0.421200623868626,0.7291803333333334,1.8171095
342,-0.730747585007154,3.08028,6.330185
343,-0.651351293868973,3.08028,6.330185
344,-0.516503952415795,3.08028,6.330185
345,-0.445750104404514,3.08028,6.330185
346,-0.777794173314114,0.8720089999999999,3.3809035
347,-0.674541747339003,0.8720089999999999,3.3809035
348,-0.655967295981124,0.8720089999999999,3.3809035
349,-0.534311375618233,0.8720089999999999,3.3809035
350,-0.60561491221105,0.8720089999999999,3.3809035
351,-0.554101367414682,0.8720089999999999,3.3809035
352,-0.496660942827225,0.8720089999999999,3.3809035
353,-0.412177234475582,0.8720089999999999,3.3809035
354,-0.707526043739733,1.2729956666666666,1.7625650000000002
355,-0.448780312248757,1.2729956666666666,1.7625650000000002
356,-0.727768191409351,0.5481296666666666,1.0114018333333334
357,-0.709248375006102,0.5481296666666666,1.0114018333333334
358,-0.699036824332147,0.5481296666666666,1.0114018333333334
359,-0.591018541411423,0.5481296666666666,1.0114018333333334
360,-0.0629982260477831,0.5481296666666666,1.0114018333333334
361,-0.716510831810931,2.9247600000000005,4.569120833333334
362,-0.60841366724747,2.9247600000000005,4.569120833333334
363,-0.51778866848075,2.9247600000000005,4.569120833333334
364,-0.392895786622294,2.9247600000000005,4.569120833333334
365,-0.402873551122391,2.9247600000000005,4.569120833333334
366,-0.606577321706508,0.10000000000000002,5.939945833333334
367,-0.551574958294566,0.10000000000000002,5.939945833333334
368,-0.532167721446564,0.10000000000000002,5.939945833333334
369,-0.532882359002805,0.10000000000000002,5.939945833333334
370,-0.42361029346082,0.10000000000000002,5.939945833333334
371,-0.691128823146465,0.10483833333333333,1.0594624999999998
372,-0.691128823146465,0.10000000000000002,1.2990526666666666
373,-0.703587963464994,2.36975,5.363903333333333
374,-0.664957066367006,2.36975,5.363903333333333
375,-0.573770437689732,2.36975,5.363903333333333
376,-0.397793229081893,2.36975,5.363903333333333
377,-0.395287431179979,2.36975,5.363903333333333
378,-0.700856349161028,0.7182973333333332,2.870325833333333
379,-0.516577457501073,0.7182973333333332,2.870325833333333
380,0.445306413734147,0.7182973333333332,2.870325833333333
381,-0.691587414002626,2.7697800000000004,1.3379303333333334
382,-0.53933100823521,2.7697800000000004,1.3379303333333334
383,0.384783087931824,2.7697800000000004,1.3379303333333334
384,-0.40422152675234,2.7697800000000004,1.3379303333333334
385,-0.684858503313782,2.1751753333333332,4.271215833333334
386,-0.603682829061461,2.1751753333333332,4.271215833333334
387,-0.47790158078552,2.1751753333333332,4.271215833333334
388,-0.459035581116767,2.1751753333333332,4.271215833333334
389,0.66700208130343,1.1007166666666668,1.2291013333333334
390,0.421484409406052,1.1007166666666668,1.2291013333333334
391,-0.72166771327601,0.656328,1.0944091666666667
392,-0.635408063134032,0.656328,1.0944091666666667
393,-0.558050400629077,0.656328,1.0944091666666667
394,-0.532694005114803,0.656328,1.0944091666666667
395,-0.437453715357805,0.656328,1.0944091666666667
396,0.570166786584301,11.765966666666666,0.12268825000000004
397,0.467836902374321,11.765966666666666,0.12268825000000004
398,0.65304996684524,10.874566666666666,19.957225
399,0.65304996684524,1.0184623333333334,5.5749825
400,0.65304996684524,15.387433333333334,11.324306666666667
401,-0.707325214530261,1.3786946666666668,0.7095545833333333
402,-0.707325214530261,3.4682600000000003,9.391023333333331
403,-0.707325214530261,0.4010843333333334,1.0048119999999998
404,-0.376290402404076,1.3786946666666668,0.7095545833333333
405,-0.376290402404076,3.4682600000000003,9.391023333333331
406,-0.376290402404076,0.4010843333333334,1.0048119999999998
407,-0.104041020542923,0.7014140000000001,1.1768889999999999
408,-0.613853006888628,1.1214433333333333,0.6363960833333334
409,0.42076624298791,1.1214433333333333,0.6363960833333334
410,-0.481524908241942,1.1214433333333333,0.6363960833333334
411,-0.498902458025342,1.1214433333333333,0.6363960833333334
412,0.411433409290536,1.1214433333333333,0.6363960833333334
413,-0.68555141079741,1.0890423333333332,5.010518333333333
414,-0.395375957214279,1.0890423333333332,5.010518333333333
415,-0.43286154939227,1.0890423333333332,5.010518333333333
416,-0.413428020126545,1.0890423333333332,5.010518333333333
417,-0.0598129797025665,1.0890423333333332,5.010518333333333
418,-0.60963487200717,0.4596373333333334,2.35543875
419,-0.598574189779117,0.4596373333333334,2.35543875
420,-0.544099446902671,0.4596373333333334,2.35543875
421,-0.405758196382585,0.4596373333333334,2.35543875
422,-0.527186052958433,1.5093733333333335,6.838055
423,-0.586107686488861,4.189059333333333,0.13443725000000004
424,-0.458550515282785,4.189059333333333,0.13443725000000004
425,-0.545129423916759,8.421596666666668,3.7024649999999997
426,-0.485516212249364,8.421596666666668,3.7024649999999997
427,-0.50612830581832,8.421596666666668,3.7024649999999997
428,-0.0907075320911183,6.607686666666667,0.85468625
429,0.423764236427085,6.607686666666667,0.85468625
430,-0.55283958370117,5.481976666666667,11.458397499999998
431,-0.55283958370117,2.5925066666666665,6.642721666666666
432,-0.456291464796792,5.481976666666667,11.458397499999998
433,-0.456291464796792,2.5925066666666665,6.642721666666666
434,-0.430074666284093,5.481976666666667,11.458397499999998
435,-0.430074666284093,2.5925066666666665,6.642721666666666
436,-0.378131675955014,5.481976666666667,11.458397499999998
437,-0.378131675955014,2.5925066666666665,6.642721666666666
438,-0.633350467660645,0.10000000000000002,4.6926045
439,-0.423740663943225,0.10000000000000002,4.6926045
440,-0.41257470149374,0.10000000000000002,4.6926045
441,0.481412462727536,2.1124113333333336,5.9621224999999995
442,0.481412462727536,1.5458766666666666,1.842099666666667
443,0.342760463550824,2.1124113333333336,5.9621224999999995
444,0.342760463550824,1.5458766666666666,1.842099666666667
445,0.516543930672311,1.0844633333333336,0.09999999999999999
446,0.346964111053892,1.0844633333333336,0.09999999999999999
447,-0.0842036869243348,13.304450000000001,2.017716083333333
448,-0.0842036869243348,0.30123300000000003,7.864089166666666
449,-0.468472887186644,0.12666433333333335,1.30560075
450,0.389565333709813,0.12666433333333335,1.30560075
451,-0.529472514494668,0.6293843333333333,1.0746470833333335
452,-0.0809686498603184,9.320356666666667,23.244791666666668
453,-0.551520153852485,3.90611,8.036899166666664
454,-0.431123838780796,3.90611,8.036899166666664
455,-0.383549344590449,3.90611,8.036899166666664
456,-0.541730520057462,0.7161796666666665,1.4880881666666668
457,-0.476099178493865,4.896703333333334,4.5349974999999985
458,-0.476099178493865,4.231133333333333,11.015140833333334
459,-0.396566477465558,0.7520106666666666,4.997578333333332
460,-0.396566477465558,0.48264100000000004,1.806484416666667
461,0.351299657725932,0.7520106666666666,4.997578333333332
462,0.351299657725932,0.48264100000000004,1.806484416666667
463,0.46773047283661,2.98269,2.870495
464,0.464619055749132,2.98269,2.870495
465,0.448478588272756,2.98269,2.870495
466,-0.33240625300555,2.98269,2.870495
467,0.422791901510369,1.2585766666666667,11.918580833333335
468,0.422791901510369,1.4201666666666668,1.0274254999999999
469,0.422791901510369,8.56487,7.763215833333333
470,0.450177053264242,1.2585766666666667,11.918580833333335
471,0.450177053264242,1.4201666666666668,1.0274254999999999
472,0.450177053264242,8.56487,7.763215833333333
473,-0.460461185746381,2.504999,5.793499999999999
474,-0.39958817266451,2.504999,5.793499999999999
475,0.4701815790415,13.511270000000001,15.622658333333334
476,0.423839520172262,1.2613786666666666,2.030204166666666
477,-0.44256992688994,1.2613786666666666,2.030204166666666
478,-0.432878500928552,0.4554526666666667,5.319192500000001
479,0.367121708220807,0.4554526666666667,5.319192500000001
480,-0.431532071750152,6.973253333333333,5.370403333333333
481,-0.431532071750152,0.8815593333333333,6.293146666666668
482,-0.431532071750152,10.112493333333333,2.5962841666666665
483,-0.374397302049131,6.973253333333333,5.370403333333333
484,-0.374397302049131,0.8815593333333333,6.293146666666668
485,-0.374397302049131,10.112493333333333,2.5962841666666665
486,-0.363760666723465,0.18542233333333333,1.981138166666666
487,-0.410356345446879,3.4973766666666664,3.999143333333334
488,-0.403268159832511,3.4973766666666664,3.999143333333334
489,-0.394349349584315,3.545476666666667,0.3382435
490,0.39976934640064,14.027573333333331,18.621758333333332
491,0.39976934640064,0.22911266666666666,42.17305
492,-0.0635040658693355,0.10000000000000002,1.6605495000000001
493,-0.38038912179775,101.18066666666668,26.094408333333334
494,-0.38038912179775,0.5237189999999999,1.0233436666666667
495,-0.38038912179775,1.216938,3.012290833333333
496,-0.431049003985942,7.788986666666666,1.8114341666666667
497,-0.431049003985942,6.1354033333333335,16.605062500000003
498,-0.38740349141611,0.7648566666666667,5.809331666666666
499,-1.88137252872871,2.7697800000000004,1.3379303333333334
500,0.913647594128347,2.7697800000000004,1.3379303333333334
501,-1.08938925682324,2.7697800000000004,1.3379303333333334
502,0.750395874071625,2.7697800000000004,1.3379303333333334
503,-0.654600015975369,2.7697800000000004,1.3379303333333334
504,-0.5515941856813,2.7697800000000004,1.3379303333333334
505,-1.7434202358071,0.10000000000000002,1.3796443333333333
506,-1.45940527234707,0.10000000000000002,1.3796443333333333
507,-0.70000319848055,0.10000000000000002,1.3796443333333333
508,-0.7236782399682,0.10000000000000002,1.3796443333333333
509,-0.665023251623265,0.10000000000000002,1.3796443333333333
510,-0.549624095780107,0.10000000000000002,1.3796443333333333
511,-0.620749838326033,0.10000000000000002,1.3796443333333333
512,-1.62324776478354,0.12666433333333335,1.30560075
513,-0.934998751548898,0.12666433333333335,1.30560075
514,-0.753375414135134,0.12666433333333335,1.30560075
515,-0.586717362333227,0.12666433333333335,1.30560075
516,-0.596791579437983,0.12666433333333335,1.30560075
517,-0.606330038382453,0.12666433333333335,1.30560075
518,-0.469081273131858,0.12666433333333335,1.30560075
519,-0.432511372564745,0.12666433333333335,1.30560075
520,-1.43043799182642,2.8521699999999996,0.9908460833333335
521,-1.40778377283015,2.8521699999999996,0.9908460833333335
522,-1.12872572360145,2.8521699999999996,0.9908460833333335
523,-1.12919735797439,2.8521699999999996,0.9908460833333335
524,-1.02972474335489,2.8521699999999996,0.9908460833333335
525,-1.05319680520322,2.8521699999999996,0.9908460833333335
526,-0.932452095176764,2.8521699999999996,0.9908460833333335
527,-0.951547496814947,2.8521699999999996,0.9908460833333335
528,-0.792229736490183,2.8521699999999996,0.9908460833333335
529,-0.657677412323235,2.8521699999999996,0.9908460833333335
530,-1.22415440994012,4.896703333333334,4.5349974999999985
531,-1.22415440994012,4.231133333333333,11.015140833333334
532,-1.02485823960489,4.896703333333334,4.5349974999999985
533,-1.02485823960489,4.231133333333333,11.015140833333334
534,-0.554368982487833,4.896703333333334,4.5349974999999985
535,-0.554368982487833,4.231133333333333,11.015140833333334
536,-0.534311375618233,4.896703333333334,4.5349974999999985
537,-0.534311375618233,4.231133333333333,11.015140833333334
538,-0.463594003115944,4.896703333333334,4.5349974999999985
539,-0.463594003115944,4.231133333333333,11.015140833333334
540,-0.418585326202348,4.896703333333334,4.5349974999999985
541,-0.418585326202348,4.231133333333333,11.015140833333334
542,-1.21503084677402,1.270874,1.1873868333333333
543,-0.924530668155226,1.270874,1.1873868333333333
544,-0.567131484230014,1.270874,1.1873868333333333
545,-0.51778866848075,1.270874,1.1873868333333333
546,-0.473598718086503,1.270874,1.1873868333333333
547,-1.22259558193414,0.12109366666666667,2.9187324166666673
548,-0.966497205910706,0.12109366666666667,2.9187324166666673
549,-1.13991974428863,0.12109366666666667,2.9187324166666673
550,-1.07665232684123,0.12109366666666667,2.9187324166666673
551,-0.968292894410085,0.12109366666666667,2.9187324166666673
552,-0.927147005883236,0.12109366666666667,2.9187324166666673
553,-0.867323994823712,0.12109366666666667,2.9187324166666673
554,-0.658820441138341,0.12109366666666667,2.9187324166666673
555,-0.531627795193615,0.12109366666666667,2.9187324166666673
556,0.961515190595924,2.844151333333333,2.534818333333333
557,-0.703742300487326,2.844151333333333,2.534818333333333
558,-1.14743633884347,13.511270000000001,15.622658333333334
559,-0.999068942999204,13.511270000000001,15.622658333333334
560,-0.932383264879426,13.511270000000001,15.622658333333334
561,-0.930418154983113,13.511270000000001,15.622658333333334
562,-0.628155821719787,13.511270000000001,15.622658333333334
563,-0.458065658506482,13.511270000000001,15.622658333333334
564,0.967949324466668,13.394673333333335,4.579735833333333
565,0.967949324466668,0.14248833333333333,1.4332345000000002
566,-0.836648930567315,13.394673333333335,4.579735833333333
567,-0.836648930567315,0.14248833333333333,1.4332345000000002
568,0.481412462727536,13.394673333333335,4.579735833333333
569,0.481412462727536,0.14248833333333333,1.4332345000000002
570,-0.487235294687249,13.394673333333335,4.579735833333333
571,-0.487235294687249,0.14248833333333333,1.4332345000000002
572,-0.392895786622294,13.394673333333335,4.579735833333333
573,-0.392895786622294,0.14248833333333333,1.4332345000000002
574,0.917863160795007,8.421596666666668,3.7024649999999997
575,0.47856898085843,8.421596666666668,3.7024649999999997
576,-0.534641996754405,8.421596666666668,3.7024649999999997
577,-0.44413342282389,8.421596666666668,3.7024649999999997
578,-0.935081846616141,0.15219766666666668,16.890856666666668
579,-0.79564439208401,0.15219766666666668,16.890856666666668
580,-0.768245382002696,0.15219766666666668,16.890856666666668
581,-0.6940608767062,0.15219766666666668,16.890856666666668
582,-1.11019823494141,0.10000000000000002,6.187570333333331
583,0.861800022757845,0.10000000000000002,6.187570333333331
584,0.548380978528218,0.10000000000000002,6.187570333333331
585,-0.496660942827225,0.10000000000000002,6.187570333333331
586,-0.476099178493865,0.10000000000000002,6.187570333333331
587,-0.425346760970755,0.10000000000000002,6.187570333333331
588,0.355824113170645,0.10000000000000002,6.187570333333331
589,-0.494040151104542,0.10000000000000002,6.187570333333331
590,-1.17215252453865,11.765966666666666,0.12268825000000004
591,0.915230158682885,11.765966666666666,0.12268825000000004
592,-1.12903247330826,11.765966666666666,0.12268825000000004
593,-0.892066352237268,11.765966666666666,0.12268825000000004
594,-0.808108814344698,11.765966666666666,0.12268825000000004
595,-0.38038912179775,11.765966666666666,0.12268825000000004
596,-1.12028857139913,0.27297033333333337,3.8136075
597,-0.865302445379107,0.27297033333333337,3.8136075
598,-0.897363327762862,0.27297033333333337,3.8136075
599,-0.788180771179386,0.27297033333333337,3.8136075
600,-1.06819520115733,1.206942,3.904588333333333
601,-0.756640878833291,1.206942,3.904588333333333
602,-0.598574189779117,1.206942,3.904588333333333
603,0.942466367080376,6.607686666666667,0.85468625
604,0.784508772869109,6.607686666666667,0.85468625
605,-0.709401935455424,6.607686666666667,0.85468625
606,-0.0907075320911183,6.607686666666667,0.85468625
607,-0.517633963371991,6.607686666666667,0.85468625
608,0.421484409406052,6.607686666666667,0.85468625
609,0.391758827595733,6.607686666666667,0.85468625
610,0.88117715053026,3.545476666666667,0.3382435
611,0.83486444461055,3.545476666666667,0.3382435
612,0.703758895759063,3.545476666666667,0.3382435
613,0.464619055749132,3.545476666666667,0.3382435
614,0.418287866913625,3.545476666666667,0.3382435
615,-1.04998885027995,2.1124113333333336,5.9621224999999995
616,-1.04998885027995,1.5458766666666666,1.842099666666667
617,-0.882593228401797,2.1124113333333336,5.9621224999999995
618,-0.882593228401797,1.5458766666666666,1.842099666666667
619,-0.624916019044416,2.1124113333333336,5.9621224999999995
620,-0.624916019044416,1.5458766666666666,1.842099666666667
621,-0.536066054156621,2.1124113333333336,5.9621224999999995
622,-0.536066054156621,1.5458766666666666,1.842099666666667
623,-0.402873551122391,2.1124113333333336,5.9621224999999995
624,-0.402873551122391,1.5458766666666666,1.842099666666667
625,-1.05207033454322,3.933756666666666,2.024
626,-1.00661219361693,3.933756666666666,2.024
627,-0.919668032931853,3.933756666666666,2.024
628,-0.80894904636369,3.933756666666666,2.024
629,-0.772353693069401,3.933756666666666,2.024
630,-0.641878217260246,3.933756666666666,2.024
631,-0.541383115976197,3.933756666666666,2.024
632,-0.389880658837608,3.933756666666666,2.024
633,0.866357153649331,2.622040333333333,0.09999999999999999
634,0.866357153649331,2.575483333333333,0.13831850000000004
635,0.588791483987387,2.622040333333333,0.09999999999999999
636,0.588791483987387,2.575483333333333,0.13831850000000004
637,0.590687920161976,2.622040333333333,0.09999999999999999
638,0.590687920161976,2.575483333333333,0.13831850000000004
639,0.870295961456158,2.990623333333333,3.2236875000000005
640,-0.704861733861636,2.990623333333333,3.2236875000000005
641,0.662346031388584,2.990623333333333,3.2236875000000005
642,0.411433409290536,2.990623333333333,3.2236875000000005
643,-1.00691423424364,7.01743,16.248318333333334
644,-0.597538670878876,7.01743,16.248318333333334
645,-0.635408063134032,7.01743,16.248318333333334
646,-0.508629291599202,7.01743,16.248318333333334
647,-0.43286154939227,7.01743,16.248318333333334
648,0.834904398731428,0.9088796666666666,1.4057975
649,-0.443269268478355,0.9088796666666666,1.4057975
650,0.89517317565178,1.5093733333333335,6.838055
651,-0.680916716550092,1.5093733333333335,6.838055
652,-1.02179805811145,0.7082243333333333,1.1074320833333333
653,-0.9131044852862,0.7082243333333333,1.1074320833333333
654,-0.846551434601024,0.7082243333333333,1.1074320833333333
655,-0.771415211084624,0.7082243333333333,1.1074320833333333
656,-0.635408202226849,0.7082243333333333,1.1074320833333333
657,-0.47881205953403,0.7082243333333333,1.1074320833333333
658,-0.486703676529885,0.7082243333333333,1.1074320833333333
659,-0.356215061119898,0.7082243333333333,1.1074320833333333
660,-1.00907043927115,4.124736666666666,2.782675
661,0.751763665851677,4.124736666666666,2.782675
662,-0.596692832476724,4.124736666666666,2.782675
663,-0.426246231019023,4.124736666666666,2.782675
664,-0.430775079240942,4.124736666666666,2.782675
665,-0.42361029346082,4.124736666666666,2.782675
666,-0.952553487731676,3.1911633333333334,0.57910675
667,-0.759302015940193,3.1911633333333334,0.57910675
668,-0.631956036233001,3.1911633333333334,0.57910675
669,-0.611632295750675,3.1911633333333334,0.57910675
670,-0.68555141079741,3.1911633333333334,0.57910675
671,-0.532167721446564,3.1911633333333334,0.57910675
672,-0.437453715357805,3.1911633333333334,0.57910675
673,-0.414425101586897,3.1911633333333334,0.57910675
674,0.784755108507107,1.3786946666666668,0.7095545833333333
675,0.784755108507107,3.4682600000000003,9.391023333333331
676,0.784755108507107,0.4010843333333334,1.0048119999999998
677,-0.930574423607455,0.4171293333333333,2.1316975
678,-0.450122250424148,0.4171293333333333,2.1316975
679,0.463997838863758,0.4171293333333333,2.1316975
680,0.977609257122248,2.6498266666666663,2.8393108333333337
681,0.66700208130343,2.6498266666666663,2.8393108333333337
682,0.656857292211505,2.6498266666666663,2.8393108333333337
683,0.620553835139555,2.6498266666666663,2.8393108333333337
684,0.558597243124905,2.6498266666666663,2.8393108333333337
685,0.553779674115477,2.6498266666666663,2.8393108333333337
686,0.494899991913765,2.6498266666666663,2.8393108333333337
687,-0.94092883924032,101.18066666666668,26.094408333333334
688,-0.94092883924032,0.5237189999999999,1.0233436666666667
689,-0.94092883924032,1.216938,3.012290833333333
690,-0.878478621929356,101.18066666666668,26.094408333333334
691,-0.878478621929356,0.5237189999999999,1.0233436666666667
692,-0.878478621929356,1.216938,3.012290833333333
693,-0.730747585007154,101.18066666666668,26.094408333333334
694,-0.730747585007154,0.5237189999999999,1.0233436666666667
695,-0.730747585007154,1.216938,3.012290833333333
696,-0.645151506026819,101.18066666666668,26.094408333333334
697,-0.645151506026819,0.5237189999999999,1.0233436666666667
698,-0.645151506026819,1.216938,3.012290833333333
699,-0.349636427713702,101.18066666666668,26.094408333333334
700,-0.349636427713702,0.5237189999999999,1.0233436666666667
701,-0.349636427713702,1.216938,3.012290833333333
702,-0.968051889508493,3.6527506666666665,4.838446666666667
703,-0.878726290534929,3.6527506666666665,4.838446666666667
704,0.770758614988185,4.272763333333333,1.8781466666666666
705,-0.723876695271565,4.272763333333333,1.8781466666666666
706,-0.54358984008294,4.272763333333333,1.8781466666666666
707,-0.924972431495544,1.2729956666666666,1.7625650000000002
708,-0.867340332338514,1.2729956666666666,1.7625650000000002
709,-0.894984753172029,1.2729956666666666,1.7625650000000002
710,-0.693268711283178,1.2729956666666666,1.7625650000000002
711,-0.594713148449941,1.2729956666666666,1.7625650000000002
712,-0.847091060226677,0.12065333333333332,1.3747319999999998
713,-0.847091060226677,0.6268406666666667,1.2752235833333334
714,-0.654972138018321,0.12065333333333332,1.3747319999999998
715,-0.654972138018321,0.6268406666666667,1.2752235833333334
716,-0.624147985475535,0.12065333333333332,1.3747319999999998
717,-0.624147985475535,0.6268406666666667,1.2752235833333334
718,-0.397793229081893,0.12065333333333332,1.3747319999999998
719,-0.397793229081893,0.6268406666666667,1.2752235833333334
720,-0.923804523013967,0.11047,1.1064930833333335
721,-0.66994275376741,0.11047,1.1064930833333335
722,-0.747986826854371,0.11047,1.1064930833333335
723,-0.590532377212056,0.11047,1.1064930833333335
724,-0.486177108951015,0.11047,1.1064930833333335
725,-0.460461185746381,0.11047,1.1064930833333335
726,-0.932478412954907,0.3748996666666667,1.6382701666666666
727,-0.866649503050927,0.3748996666666667,1.6382701666666666
728,-0.582584492437724,0.3748996666666667,1.6382701666666666
729,-0.90292751648955,0.10000000000000002,1.1114554999999997
730,-0.720815919990167,0.10000000000000002,1.1114554999999997
731,-0.480887118156106,0.10000000000000002,1.1114554999999997
732,-0.840102502026693,3.4973766666666664,3.999143333333334
733,-0.666339772712734,3.4973766666666664,3.999143333333334
734,0.343812991754733,3.4973766666666664,3.999143333333334
735,0.857062787260829,2.377753333333333,2.01903
736,0.472056877528029,2.377753333333333,2.01903
737,0.508761061598237,2.377753333333333,2.01903
738,0.729871081581649,19.591963333333332,23.823103333333332
739,0.729871081581649,1.7111966666666667,3.2011000000000003
740,0.548617236358728,19.591963333333332,23.823103333333332
741,0.548617236358728,1.7111966666666667,3.2011000000000003
742,-0.831769178249019,0.656328,1.0944091666666667
743,-0.709248375006102,0.656328,1.0944091666666667
744,-0.672773619157752,0.656328,1.0944091666666667
745,-0.53933100823521,0.656328,1.0944091666666667
746,-0.811757763736121,9.26289,5.359023333333333
747,-0.743201705670613,9.26289,5.359023333333333
748,-0.527186052958433,9.26289,5.359023333333333
749,-0.586107686488861,9.26289,5.359023333333333
750,-0.553030948233864,9.26289,5.359023333333333
751,-0.452276870998483,9.26289,5.359023333333333
752,0.707321396279191,2.504999,5.793499999999999
753,0.640023519763996,2.504999,5.793499999999999
754,-0.421200623868626,2.504999,5.793499999999999
755,-0.699260770704333,21.226633333333336,24.590341666666664
756,0.659599223169037,4.189059333333333,0.13443725000000004
757,0.367121708220807,4.189059333333333,0.13443725000000004
758,0.702067841034824,0.7014140000000001,1.1768889999999999
759,-0.104041020542923,0.7014140000000001,1.1768889999999999
760,0.633882092887239,0.7014140000000001,1.1768889999999999
761,0.448384800582976,0.7014140000000001,1.1768889999999999
762,-0.793935993297729,0.7520106666666666,4.997578333333332
763,-0.793935993297729,0.48264100000000004,1.806484416666667
764,-0.700856349161028,0.7520106666666666,4.997578333333332
765,-0.700856349161028,0.48264100000000004,1.806484416666667
766,-0.431049003985942,0.7520106666666666,4.997578333333332
767,-0.431049003985942,0.48264100000000004,1.806484416666667
768,-0.791252808719358,0.17154000000000003,6.587787500000001
769,-0.784615709117572,0.17154000000000003,6.587787500000001
770,-0.703587963464994,0.17154000000000003,6.587787500000001
771,-0.67804993235576,0.17154000000000003,6.587787500000001
772,-0.530371175686316,0.17154000000000003,6.587787500000001
773,-0.61446765964982,0.17154000000000003,6.587787500000001
774,-0.419595254792829,0.17154000000000003,6.587787500000001
775,-0.650548725235737,0.29416333333333333,54.291491666666666
776,-0.399764553736565,0.29416333333333333,54.291491666666666
777,-0.779745270957521,1.2496363333333333,1.0788951666666666
778,-0.659335312452572,1.2496363333333333,1.0788951666666666
779,-0.363760666723465,1.2496363333333333,1.0788951666666666
780,-0.400203176031226,1.2496363333333333,1.0788951666666666
781,-0.385465110771773,1.2496363333333333,1.0788951666666666
782,-0.730395086638447,2.9247600000000005,4.569120833333334
783,-0.538448906024624,2.9247600000000005,4.569120833333334
784,-0.487885221702054,2.9247600000000005,4.569120833333334
785,-0.460997544032968,2.9247600000000005,4.569120833333334
786,-0.427046744079703,2.9247600000000005,4.569120833333334
787,-0.73293489268326,0.10000000000000002,5.939945833333334
788,-0.558050400629077,0.10000000000000002,5.939945833333334
789,-0.452006973754536,0.10000000000000002,5.939945833333334
790,-0.756386872958965,6.162506666666668,0.10577183333333334
791,0.615875803510778,6.162506666666668,0.10577183333333334
792,-0.6285867266235,6.162506666666668,0.10577183333333334
793,0.576802976763051,6.162506666666668,0.10577183333333334
794,-0.50296486347704,6.162506666666668,0.10577183333333334
795,-0.809485599548112,45.230799999999995,26.6863425
796,-0.809485599548112,0.48032633333333336,2.4322191666666666
797,-0.653251964307941,0.23819333333333334,1.9173372499999999
798,-0.653251964307941,3.1604183333333338,0.09999999999999999
799,-0.420789992624867,0.23819333333333334,1.9173372499999999
800,-0.420789992624867,3.1604183333333338,0.09999999999999999
801,-0.727768191409351,1.0890423333333332,5.010518333333333
802,-0.602671857032619,1.0890423333333332,5.010518333333333
803,-0.0598129797025665,1.0890423333333332,5.010518333333333
804,0.600921889867123,34.15253333333333,3.673145833333333
805,0.600921889867123,2.39654,2.1549875000000003
806,0.600921889867123,1.7862433333333332,3.7481449999999996
807,-0.622716075793343,34.15253333333333,3.673145833333333
808,-0.622716075793343,2.39654,2.1549875000000003
809,-0.622716075793343,1.7862433333333332,3.7481449999999996
810,-0.460799306128026,34.15253333333333,3.673145833333333
811,-0.460799306128026,2.39654,2.1549875000000003
812,-0.460799306128026,1.7862433333333332,3.7481449999999996
813,-0.575105201606877,0.10000000000000002,1.6605495000000001
814,-0.423127943534962,0.10000000000000002,1.6605495000000001
815,-0.452980726605104,0.10000000000000002,1.6605495000000001
816,-0.0635040658693355,0.10000000000000002,1.6605495000000001
817,-0.684858503313782,7.788986666666666,1.8114341666666667
818,-0.684858503313782,6.1354033333333335,16.605062500000003
819,0.516543930672311,7.788986666666666,1.8114341666666667
820,0.516543930672311,6.1354033333333335,16.605062500000003
821,0.570166786584301,0.5594523333333333,1.1932640833333332
822,0.490566623575682,0.5594523333333333,1.1932640833333332
823,-0.636161486630376,0.5594523333333333,1.1932640833333332
824,-0.690069297664244,9.320356666666667,23.244791666666668
825,-0.643875968208238,9.320356666666667,23.244791666666668
826,-0.60841366724747,9.320356666666667,23.244791666666668
827,-0.587680916790262,9.320356666666667,23.244791666666668
828,-0.525982748559848,9.320356666666667,23.244791666666668
829,-0.0809686498603184,9.320356666666667,23.244791666666668
830,-0.428690238174518,9.320356666666667,23.244791666666668
831,-0.392899317267831,9.320356666666667,23.244791666666668
832,-0.666137544853499,35.42113333333333,14.74790166666667
833,-0.666137544853499,7.4446233333333325,4.551245
834,-0.505129009968001,35.42113333333333,14.74790166666667
835,-0.505129009968001,7.4446233333333325,4.551245
836,0.65304996684524,1.2585766666666667,11.918580833333335
837,0.65304996684524,1.4201666666666668,1.0274254999999999
838,0.65304996684524,8.56487,7.763215833333333
839,-0.396566477465558,1.2585766666666667,11.918580833333335
840,-0.396566477465558,1.4201666666666668,1.0274254999999999
841,-0.396566477465558,8.56487,7.763215833333333
842,0.434786465953704,1.2585766666666667,11.918580833333335
843,0.434786465953704,1.4201666666666668,1.0274254999999999
844,0.434786465953704,8.56487,7.763215833333333
845,0.614842106149086,0.8451406666666665,1.4436345833333333
846,0.452617523810261,0.8451406666666665,1.4436345833333333
847,0.46773047283661,0.8451406666666665,1.4436345833333333
848,-0.707325214530261,0.4554526666666667,5.319192500000001
849,-0.473375432030358,0.4554526666666667,5.319192500000001
850,-0.390407167683799,0.4554526666666667,5.319192500000001
851,-0.699545376635599,1.1214433333333333,0.6363960833333334
852,0.534904890753917,1.1214433333333333,0.6363960833333334
853,-0.625707318758449,1.1214433333333333,0.6363960833333334
854,-0.531360728838341,1.1214433333333333,0.6363960833333334
855,-0.6311480099302,14.027573333333331,18.621758333333332
856,-0.6311480099302,0.22911266666666666,42.17305
857,-0.401385487909139,14.027573333333331,18.621758333333332
858,-0.401385487909139,0.22911266666666666,42.17305
859,-0.33240625300555,14.027573333333331,18.621758333333332
860,-0.33240625300555,0.22911266666666666,42.17305
861,-0.606412254927225,30.266099999999998,6.0783625
862,-0.545129423916759,0.7648566666666667,5.809331666666666
863,-0.585752318509671,0.7648566666666667,5.809331666666666
864,-0.426931691540903,0.7648566666666667,5.809331666666666
865,-0.516577457501073,10.874566666666666,19.957225
866,-0.516577457501073,1.0184623333333334,5.5749825
867,-0.516577457501073,15.387433333333334,11.324306666666667
868,-0.550121993847103,11.39258,7.696082499999999
869,-0.56208858674191,11.39258,7.696082499999999
870,-0.524667312640003,11.39258,7.696082499999999
871,-0.491022299741326,11.39258,7.696082499999999
872,-0.0842036869243348,13.304450000000001,2.017716083333333
873,-0.0842036869243348,0.30123300000000003,7.864089166666666
874,-0.374397302049131,13.304450000000001,2.017716083333333
875,-0.374397302049131,0.30123300000000003,7.864089166666666
876,0.473485799010498,0.10000000000000002,4.6926045
877,-0.529472514494668,0.10000000000000002,4.6926045
878,0.431671622316827,4.955953333333333,1.179608
879,0.550999428121021,0.24371566666666666,15.320399166666666
880,-0.436153040054149,0.24371566666666666,15.320399166666666
881,0.442873180580186,0.24371566666666666,15.320399166666666
882,-0.520622332793284,0.10000000000000002,2.2379125
883,-0.60561491221105,0.301054,1.652844166666667
884,-0.501037568011951,0.301054,1.652844166666667
885,-0.534153235654893,1.6625733333333332,2.3675891666666664
886,-0.534153235654893,2.1862809999999997,1.8412366666666669
887,-0.534153235654893,2.020319333333333,3.3011516666666663
888,-0.564366506791066,1.6625733333333332,2.3675891666666664
889,-0.564366506791066,2.1862809999999997,1.8412366666666669
890,-0.564366506791066,2.020319333333333,3.3011516666666663
891,-0.52831083633716,1.6625733333333332,2.3675891666666664
892,-0.52831083633716,2.1862809999999997,1.8412366666666669
893,-0.52831083633716,2.020319333333333,3.3011516666666663
894,0.345208439994837,1.6625733333333332,2.3675891666666664
895,0.345208439994837,2.1862809999999997,1.8412366666666669
896,0.345208439994837,2.020319333333333,3.3011516666666663
897,-0.516708885422434,2.23082,4.8270808333333335
898,-0.395287431179979,2.23082,4.8270808333333335
899,-0.355202008183919,2.23082,4.8270808333333335
900,-0.48709487307587,1.1007166666666668,1.2291013333333334
901,-0.456362529888349,1.1007166666666668,1.2291013333333334
902,-0.443061214591588,1.1007166666666668,1.2291013333333334
903,-0.351088382323129,1.1007166666666668,1.2291013333333334
904,-0.496385553236208,0.18542233333333333,1.981138166666666
905,0.405005088944652,1.6496940000000002,0.11700800000000004
906,-0.485516212249364,2.293953333333333,1.6572369166666665
907,-0.459035581116767,2.293953333333333,1.6572369166666665
908,0.346964111053892,2.293953333333333,1.6572369166666665
909,0.411624020578212,5.158333333333332,8.287216666666668
910,0.411624020578212,1.1235136666666667,3.1865375
911,-0.466682127798419,1.1446933333333333,0.09999999999999999
912,-0.424187370771749,1.1446933333333333,0.09999999999999999
913,0.383032951898417,2.98269,2.870495
914,-0.461756896940812,0.7680633333333334,2.718721833333333
915,-0.461756896940812,0.86022,2.2082041666666665
916,0.419354209377799,0.6293843333333333,1.0746470833333335
917,0.450177053264242,13.3528,20.497491666666665
918,-0.405758196382585,13.3528,20.497491666666665
919,0.423839520172262,2.36975,5.363903333333333
920,-0.431532071750152,1.7507343333333332,4.2160608333333345
921,-0.431123838780796,2.22029,4.6534949999999995
922,-0.41257470149374,2.22029,4.6534949999999995
923,-0.430074666284093,2.29262,2.8959291666666664
924,-0.361619076540927,12.53411,4.7301975
925,0.423154807222713,3.90611,8.036899166666664
926,0.351299657725932,0.4596373333333334,2.35543875
927,-0.0629982260477831,0.5481296666666666,1.0114018333333334
928,0.319959021014317,3.08028,6.330185
929,0.404308410398216,3.08028,6.330185
930,0.318506007996645,0.7182973333333332,2.870325833333333
931,-0.383549344590449,5.481976666666667,11.458397499999998
932,-0.383549344590449,2.5925066666666665,6.642721666666666
933,-0.388467251460211,7.098486666666666,12.846786666666667
934,-0.388467251460211,1.1288363333333333,3.8730925
935,-0.388467251460211,0.17101833333333336,1.754576666666667
936,-0.382923032861447,6.973253333333333,5.370403333333333
937,-0.382923032861447,0.8815593333333333,6.293146666666668
938,-0.382923032861447,10.112493333333333,2.5962841666666665
